"REFRESH_TOKEN_ID";"KEY_Name";"REFRESH_TOKEN"
30;"4";"eyJhbGciOiJIUzI1NiJ9.eyJzdWIiOiJzc2FmeTMiLCJyb2xlcyI6W10sInVzZXJuYW1lIjoi6rmA7KeA7ZeMIiwiaWF0IjoxNjY4NjQ2MzMwLCJleHAiOjE2Njk1MTAzMzB9.Ksoj-79TBI4YCw4jso42TfX5vCAePAvE8bOy9Elex_I"
51;"2";"eyJhbGciOiJIUzI1NiJ9.eyJzdWIiOiJzc2FmeTEiLCJyb2xlcyI6W10sInVzZXJuYW1lIjoi7Jyk7ZiV7KSAIiwiaWF0IjoxNjY4NjczMjI1LCJleHAiOjE2Njk1MzcyMjV9.Y9ZDRDwgbY9Hj4dMCmBg5qmfHMFpofdMhEf38uEJB8w"
52;"3";"eyJhbGciOiJIUzI1NiJ9.eyJzdWIiOiJzc2FmeTIiLCJyb2xlcyI6W10sInVzZXJuYW1lIjoi7KCV7J6s7LKgIiwiaWF0IjoxNjY4NjczMjI5LCJleHAiOjE2Njk1MzcyMjl9.EDzOLi1jOzmmgmqOyDgi45PkqYfcMXNEt0qGB0Oinx0"
63;"8";"eyJhbGciOiJIUzI1NiJ9.eyJzdWIiOiJjb2FjaCIsInJvbGVzIjpbXSwidXNlcm5hbWUiOiLsvZTsuZjri5giLCJpYXQiOjE2Njg4NDg1NTEsImV4cCI6MTY2OTcxMjU1MX0.Rcl93QJrqwqhCF6sgDhrOc2PtB1qj52aZxHRq2UtIpw"
70;"1";"eyJhbGciOiJIUzI1NiJ9.eyJzdWIiOiJhZG1pbiIsInJvbGVzIjpbXSwidXNlcm5hbWUiOiLqtIDrpqzsnpAiLCJpYXQiOjE2Njg5ODcwMzgsImV4cCI6MTY2OTg1MTAzOH0.EtrFLWpf1rBFhht8E6LWahf63HtPhqKnHZcLATpJvK8"
